Year,Value
2002,26.83378
2003,13.68649
2004,9.47747
2005,2.00487
2006,3.45734
2007,7.49093
2008,18.64721
2009,6.9075
2010,30.2173
2011,50.48495
2012,10.95123
2013,37.38919
2014,26.16435
2015,18.30768
2016,33.25301
2017,19.24385
2018,23.63437
