Year,Value
2011,82.20762
2013,82.75045
2014,88.74467
2015,85.26952
2016,87.73636
2017,88.18694
2019,86.97027
