Year,Value
1996,17.9
1997,15.56461
1998,19.42928
1999,23.29445
2000,27.1552
2001,24.6
2002,34.84372
2003,38.66164
2004,37.2
2005,46.22322
2006,51.2
2007,53.72591
2008,57.48794
2009,61.27518
2010,65.10121
2011,67.26
2012,73.87317
2013,78.0357
2014,84.9
2015,86.65527
2016,90.7
2017,95.50748
