Year,Value
2008,0.05439
2009,0.25924
2010,0.3022
