Year,Value,SERIES,UNIT_MEASURE
2016,1.68433659406825,FI_FSI_FSANL,PT
2017,1.69908552229355,FI_FSI_FSANL,PT
2018,1.56237839101568,FI_FSI_FSANL,PT
2016,2.66184412953676,FI_FSI_FSERA,PT
2017,2.42650094740164,FI_FSI_FSERA,PT
2018,2.56865090047837,FI_FSI_FSERA,PT
2016,9.9899197056803,FI_FSI_FSKA,PT
2017,11.7274402846556,FI_FSI_FSKA,PT
2018,11.9265788720268,FI_FSI_FSKA,PT
2016,3.6248645571737,FI_FSI_FSKNL,PT
2017,3.35546621722394,FI_FSI_FSKNL,PT
2018,3.08312426803746,FI_FSI_FSKNL,PT
2016,11.4241400080771,FI_FSI_FSKRTC,PT
2017,12.7472923372318,FI_FSI_FSKRTC,PT
2018,12.1905699427095,FI_FSI_FSKRTC,PT
2016,27.0129072732941,FI_FSI_FSLS,PT
2017,22.019924441568,FI_FSI_FSLS,PT
2018,24.8063522160878,FI_FSI_FSLS,PT
2016,5.82627827949399,FI_FSI_FSSNO,PT
2017,5.01533288696891,FI_FSI_FSSNO,PT
2018,1.67074843816722,FI_FSI_FSSNO,PT
