Year,Value,Units,Series
2016,1.68433659406825,PT,FI_FSI_FSANL
2017,1.69908552229355,PT,FI_FSI_FSANL
2018,1.56237839101568,PT,FI_FSI_FSANL
2016,2.66184412953676,PT,FI_FSI_FSERA
2017,2.42650094740164,PT,FI_FSI_FSERA
2018,2.56865090047837,PT,FI_FSI_FSERA
2016,9.9899197056803,PT,FI_FSI_FSKA
2017,11.7274402846556,PT,FI_FSI_FSKA
2018,11.9265788720268,PT,FI_FSI_FSKA
2016,3.6248645571737,PT,FI_FSI_FSKNL
2017,3.35546621722394,PT,FI_FSI_FSKNL
2018,3.08312426803746,PT,FI_FSI_FSKNL
2016,11.4241400080771,PT,FI_FSI_FSKRTC
2017,12.7472923372318,PT,FI_FSI_FSKRTC
2018,12.1905699427095,PT,FI_FSI_FSKRTC
2016,27.0129072732941,PT,FI_FSI_FSLS
2017,22.019924441568,PT,FI_FSI_FSLS
2018,24.8063522160878,PT,FI_FSI_FSLS
2016,5.82627827949399,PT,FI_FSI_FSSNO
2017,5.01533288696891,PT,FI_FSI_FSSNO
2018,1.67074843816722,PT,FI_FSI_FSSNO
