Year,Value
2005,51.73517
2010,66.05191
2015,77.80513
2016,75.77382
2017,77.73469
2018,78.56996
