Year,Value
2000,330.61023
2001,429.00523
2002,248.67733
2003,450.99802
2004,417.81229
2005,397.08543
2006,439.1621
2007,552.16639
2008,607.71192
2009,692.11934
2010,749.45726
2011,733.76194
2012,851.42326
2013,1004.72571
2014,888.37542
2015,1214.5901
2016,1071.16871
2017,1320.07574
2018,1473.00713
