Year,Value
2009,15.08182
2013,14.44999
