Year,Value,Units,Series
2011,7.35187315184078,NUMBER,FB_ATM_TOTL
2012,7.5989285510743,NUMBER,FB_ATM_TOTL
2013,8.51632059953079,NUMBER,FB_ATM_TOTL
2014,9.2973217072539,NUMBER,FB_ATM_TOTL
2015,9.55867046391932,NUMBER,FB_ATM_TOTL
2016,10.3416820192947,NUMBER,FB_ATM_TOTL
2017,10.9700988632057,NUMBER,FB_ATM_TOTL
2018,14.2797566516626,NUMBER,FB_ATM_TOTL
2019,16.4573867089331,NUMBER,FB_ATM_TOTL
