Year,SERIES,Value
2018,SG_PLN_RECNDI,88.2352948188781
2018,SG_PLN_RECRICTRY,62.3408079147338
2018,SG_PLN_RECRIMON,46.3491767644882
2018,SG_PLN_REPOLRES,65.6417598327001
