Year,Value
1993,1.4979366
1994,1.2323896
1995,1.2911002
1996,0.9766525
1997,1.0055124
1998,1.3900609
1999,1.6580991
2000,2.0293606
2001,2.4468754
2002,11.2130196
2003,12.1803239
2004,11.30899
2005,14.905102
2006,16.0689647
2007,16.7918135
2008,21.738104
2009,23.2076254
2010,21.6469853
2011,22.2955954
2012,25.4223943
2013,28.9743835
2014,29.4388808
2015,31.4323744
2016,31.2086414
2017,27.5137943
2018,28.5596673
