Year,Value
2000,7.17943
2005,5.01307
2010,3.86669
2011,3.03231
2012,2.34212
2013,1.30827
2014,0.62546
2015,0.57167
2016,0.42608
2017,0.38697
2018,0.43994
