Year,URBANISATION,Value
2016,,94.3306121826172
2016,U,99.4560394287109
