Year,Value
2000,51.21737
2001,51.21737
2002,52.16076
2003,52.16076
2004,53.84386
2005,55.31853
2006,60.1736
2007,60.1736
2008,60.1736
2009,60.1736
2010,60.60968
2011,60.60968
2012,60.60968
2013,60.60968
2014,60.60968
2015,60.60968
2016,60.61385
2017,60.61385
2018,60.61385
2019,60.61385
