Year,Series,REF_AREA,Units,Value
2018,SG_PLN_RECNDI,524,PT,88.2352948188781
2018,SG_PLN_RECRICTRY,524,PT,62.3408079147338
2018,SG_PLN_RECRIMON,524,PT,46.3491767644882
2018,SG_PLN_REPOLRES,524,PT,65.6417598327001
