Year,Value
1990,14.53116
1991,11.17499
1992,9.18233
1993,8.61512
1994,7.81449
1995,7.68718
1996,6.52582
1997,6.93006
1998,7.93733
1999,7.99309
2000,7.39416
2001,7.70669
2002,10.20136
2003,10.04593
2004,8.97048
2005,8.18599
2006,9.68741
2007,8.61938
2008,8.27386
2009,9.97659
2010,10.41391
2011,8.9984
2012,10.03123
2013,8.58646
2014,7.84996
2015,7.89666
2016,8.67174
2017,7.38106
