Year,Value
2000,72.77813
2001,100.51396
2002,57.92799
2003,41.15085
2004,44.39379
2005,31.94054
2006,29.0966
2007,34.54234
2008,34.72786
2009,53.45048
2010,102.29638
2011,116.43935
2012,108.14176
2013,76.2267
2014,84.4955
2015,106.69335
2016,116.06157
2017,142.01626
2018,90.72318
