Year,SEX,Value
2011,,82.20762
2013,,82.75045
2014,,88.74467
2015,,85.26952
2016,,87.73636
2017,,88.18694
2019,,86.97027
2011,F,86.90939
2014,F,88.40214
2015,F,83.54046
2016,F,84.65127
2017,F,83.03803
2019,F,82.92236
2011,M,77.80692
2014,M,89.08111
2015,M,86.99489
2016,M,90.81327
2017,M,93.35944
2019,M,90.9807
