Year,SEX,Value
2008,,1.96905553921671
2008,F,0.978122007542958
2008,M,3.12771665301852
